protein,sequence,MTFE,Chi,stdChi
A1LCD,GSMASASSSQRGRSGSGNFGGGRGGGFGGNDNFGRGGNFSGRGGFGGSRGGGGYGGSGDGYNGFGNDGSNFGGGGSYNDFGNYNNQSSNFGPMKGGNFGGRSSGPYGGGGQYFAKPRNQGGYGGSSSSSSYGSGRRF,-3,-0.505457431,0.142164004
A1LCD,GSMASASSSQRGRSGSGNFGGGRGGGFGGNDNFGRGGNFSGRGGFGGSRGGGGYGGSGDGYNGFGNDGSNFGGGGSYNDFGNYNNQSSNFGPMKGGNFGGRSSGPYGGGGQYFAKPRNQGGYGGSSSSSSYGSGRRF,-1,-0.460668668,0.225219886
A1LCD,GSMASASSSQRGRSGSGNFGGGRGGGFGGNDNFGRGGNFSGRGGFGGSRGGGGYGGSGDGYNGFGNDGSNFGGGGSYNDFGNYNNQSSNFGPMKGGNFGGRSSGPYGGGGQYFAKPRNQGGYGGSSSSSSYGSGRRF,0,-0.35699536,0.051829965
A1LCD,GSMASASSSQRGRSGSGNFGGGRGGGFGGNDNFGRGGNFSGRGGFGGSRGGGGYGGSGDGYNGFGNDGSNFGGGGSYNDFGNYNNQSSNFGPMKGGNFGGRSSGPYGGGGQYFAKPRNQGGYGGSSSSSSYGSGRRF,1,-0.317283578,0.13777565
A1LCD,GSMASASSSQRGRSGSGNFGGGRGGGFGGNDNFGRGGNFSGRGGFGGSRGGGGYGGSGDGYNGFGNDGSNFGGGGSYNDFGNYNNQSSNFGPMKGGNFGGRSSGPYGGGGQYFAKPRNQGGYGGSSSSSSYGSGRRF,2,-0.132538568,0.080205156
A1LCD,GSMASASSSQRGRSGSGNFGGGRGGGFGGNDNFGRGGNFSGRGGFGGSRGGGGYGGSGDGYNGFGNDGSNFGGGGSYNDFGNYNNQSSNFGPMKGGNFGGRSSGPYGGGGQYFAKPRNQGGYGGSSSSSSYGSGRRF,3,0.024521744,0.029323912
A1LCD,GSMASASSSQRGRSGSGNFGGGRGGGFGGNDNFGRGGNFSGRGGFGGSRGGGGYGGSGDGYNGFGNDGSNFGGGGSYNDFGNYNNQSSNFGPMKGGNFGGRSSGPYGGGGQYFAKPRNQGGYGGSSSSSSYGSGRRF,-2,-0.558087112,0.21907951
Ash1,GASASSSPSPSTPTKSGKMRSRSSSPVRPKAYTPSPRSPNYHRFALDSPPQSPRRSSNSSITKKGSRRSSGSSPTRHTTRVCV,3,0.886539391,0.007536412
Ash1,GASASSSPSPSTPTKSGKMRSRSSSPVRPKAYTPSPRSPNYHRFALDSPPQSPRRSSNSSITKKGSRRSSGSSPTRHTTRVCV,2,0.863220304,0.003759592
Ash1,GASASSSPSPSTPTKSGKMRSRSSSPVRPKAYTPSPRSPNYHRFALDSPPQSPRRSSNSSITKKGSRRSSGSSPTRHTTRVCV,1,0.831703559,0.016269161
Ash1,GASASSSPSPSTPTKSGKMRSRSSSPVRPKAYTPSPRSPNYHRFALDSPPQSPRRSSNSSITKKGSRRSSGSSPTRHTTRVCV,0,0.766801584,0.019428411
Ash1,GASASSSPSPSTPTKSGKMRSRSSSPVRPKAYTPSPRSPNYHRFALDSPPQSPRRSSNSSITKKGSRRSSGSSPTRHTTRVCV,-1,0.600461792,0.038123496
Ash1,GASASSSPSPSTPTKSGKMRSRSSSPVRPKAYTPSPRSPNYHRFALDSPPQSPRRSSNSSITKKGSRRSSGSSPTRHTTRVCV,-2,0.399324407,0.041933871
Ash1,GASASSSPSPSTPTKSGKMRSRSSSPVRPKAYTPSPRSPNYHRFALDSPPQSPRRSSNSSITKKGSRRSSGSSPTRHTTRVCV,-3,0.11163083,0.087569027
DP00007,MPKRGKKGAVAEDGDELRTEPEAKKSKTAAKKNDKEAAGEGPA,2,0.44767065,0.008969715
DP00007,MPKRGKKGAVAEDGDELRTEPEAKKSKTAAKKNDKEAAGEGPA,3,0.491208286,0.001735515
DP00007,MPKRGKKGAVAEDGDELRTEPEAKKSKTAAKKNDKEAAGEGPA,1,0.383276063,0.007059402
DP00007,MPKRGKKGAVAEDGDELRTEPEAKKSKTAAKKNDKEAAGEGPA,0,0.30993979,0.008230232
DP00007,MPKRGKKGAVAEDGDELRTEPEAKKSKTAAKKNDKEAAGEGPA,-1,0.239874236,0.007121151
DP00007,MPKRGKKGAVAEDGDELRTEPEAKKSKTAAKKNDKEAAGEGPA,-2,0.133576195,0.011603309
DP00007,MPKRGKKGAVAEDGDELRTEPEAKKSKTAAKKNDKEAAGEGPA,-3,-0.038132769,0.072347992
DP00011,LPEETMDFMVQHTSFKEMKKNPMTNYTTVPQELMDHSISPFMRKGM,0,-0.524298087,0.027131821
DP00011,LPEETMDFMVQHTSFKEMKKNPMTNYTTVPQELMDHSISPFMRKGM,2,-0.370123459,0.044066579
DP00011,LPEETMDFMVQHTSFKEMKKNPMTNYTTVPQELMDHSISPFMRKGM,1,-0.415630955,0.049770282
DP00011,LPEETMDFMVQHTSFKEMKKNPMTNYTTVPQELMDHSISPFMRKGM,3,-0.242431233,0.058534175
DP00011,LPEETMDFMVQHTSFKEMKKNPMTNYTTVPQELMDHSISPFMRKGM,-3,-0.654457018,0.053498866
DP00011,LPEETMDFMVQHTSFKEMKKNPMTNYTTVPQELMDHSISPFMRKGM,-2,-0.580398061,0.070903018
DP00011,LPEETMDFMVQHTSFKEMKKNPMTNYTTVPQELMDHSISPFMRKGM,-1,-0.561345185,0.068790966
DP00013,DPRFQDSSSSKAPPPSLPSPSRLPGPSDTPILPQ,1,0.239875542,0.008591153
DP00013,DPRFQDSSSSKAPPPSLPSPSRLPGPSDTPILPQ,0,0.191741064,0.013182808
DP00013,DPRFQDSSSSKAPPPSLPSPSRLPGPSDTPILPQ,-1,0.140923898,0.025554228
DP00013,DPRFQDSSSSKAPPPSLPSPSRLPGPSDTPILPQ,2,0.299120272,0.004031405
DP00013,DPRFQDSSSSKAPPPSLPSPSRLPGPSDTPILPQ,3,0.331570053,0.006217076
DP00013,DPRFQDSSSSKAPPPSLPSPSRLPGPSDTPILPQ,-2,0.02843841,0.039413056
DP00013,DPRFQDSSSSKAPPPSLPSPSRLPGPSDTPILPQ,-3,-0.096464861,0.036624015
DP00029,RSPDKQAAALPRRERNRQAAAASPENSRGKGRRGQR,-3,-0.051047865,0.083800622
DP00029,RSPDKQAAALPRRERNRQAAAASPENSRGKGRRGQR,-1,0.400016916,0.018142858
DP00029,RSPDKQAAALPRRERNRQAAAASPENSRGKGRRGQR,0,0.557926827,0.010181258
DP00029,RSPDKQAAALPRRERNRQAAAASPENSRGKGRRGQR,1,0.650216665,0.0056271
DP00029,RSPDKQAAALPRRERNRQAAAASPENSRGKGRRGQR,-2,0.141611988,0.067542918
DP00029,RSPDKQAAALPRRERNRQAAAASPENSRGKGRRGQR,3,0.738597335,0.003005921
DP00029,RSPDKQAAALPRRERNRQAAAASPENSRGKGRRGQR,2,0.696742244,0.005521729
DP00048,LEAQEEEEVGFPVTPQVPLR,3,0.045543571,0.008072702
DP00048,LEAQEEEEVGFPVTPQVPLR,-3,-0.507209909,0.021301618
DP00048,LEAQEEEEVGFPVTPQVPLR,-2,-0.421899269,0.023493807
DP00048,LEAQEEEEVGFPVTPQVPLR,2,-0.0166713,0.01088232
DP00048,LEAQEEEEVGFPVTPQVPLR,1,-0.116873723,0.011450631
DP00048,LEAQEEEEVGFPVTPQVPLR,0.5,-0.159627019,0.009554679
DP00048,LEAQEEEEVGFPVTPQVPLR,0,-0.219154992,0.019290983
DP00048,LEAQEEEEVGFPVTPQVPLR,-1,-0.331569605,0.015714377
DP00048,LEAQEEEEVGFPVTPQVPLR,-0.5,-0.274041389,0.024491844
DP00055,LLPAGGENGSEATDVSDEVEAAEMEDEAVRSQVQHKPK,-2,-0.538303045,0.054939984
DP00055,LLPAGGENGSEATDVSDEVEAAEMEDEAVRSQVQHKPK,-3,-0.566652772,0.073407214
DP00055,LLPAGGENGSEATDVSDEVEAAEMEDEAVRSQVQHKPK,-1,-0.415892868,0.174883691
DP00055,LLPAGGENGSEATDVSDEVEAAEMEDEAVRSQVQHKPK,-0.5,-0.165668692,0.028760037
DP00055,LLPAGGENGSEATDVSDEVEAAEMEDEAVRSQVQHKPK,1,-0.014078555,0.0222853
DP00055,LLPAGGENGSEATDVSDEVEAAEMEDEAVRSQVQHKPK,0.5,-0.21478029,0.157486332
DP00055,LLPAGGENGSEATDVSDEVEAAEMEDEAVRSQVQHKPK,2,0.045658378,0.009489372
DP00055,LLPAGGENGSEATDVSDEVEAAEMEDEAVRSQVQHKPK,3,0.074042197,0.037949243
DP00055,LLPAGGENGSEATDVSDEVEAAEMEDEAVRSQVQHKPK,0,-0.305708937,0.176147949
DP00060,DKFYTPKTRPSGHDIGKSFSKDNGGSIPPNLLQISNSE,-2,-0.432048083,0.118010724
DP00060,DKFYTPKTRPSGHDIGKSFSKDNGGSIPPNLLQISNSE,-3,-0.418728415,0.115421361
DP00060,DKFYTPKTRPSGHDIGKSFSKDNGGSIPPNLLQISNSE,-1,-0.300198929,0.040534979
DP00060,DKFYTPKTRPSGHDIGKSFSKDNGGSIPPNLLQISNSE,0,-0.106995281,0.053222465
DP00060,DKFYTPKTRPSGHDIGKSFSKDNGGSIPPNLLQISNSE,0.5,-0.045837397,0.043732088
DP00060,DKFYTPKTRPSGHDIGKSFSKDNGGSIPPNLLQISNSE,1,0.039771909,0.050146676
DP00060,DKFYTPKTRPSGHDIGKSFSKDNGGSIPPNLLQISNSE,2,0.201235675,0.021332398
DP00060,DKFYTPKTRPSGHDIGKSFSKDNGGSIPPNLLQISNSE,3,0.284554063,0.030424427
DP00060,DKFYTPKTRPSGHDIGKSFSKDNGGSIPPNLLQISNSE,-0.5,-0.190994502,0.066243274
DP00067,MFGRDPFDSLFERMFKEFFATPMTGTTMIQSS,-1,-0.56682395,0.056219667
DP00067,MFGRDPFDSLFERMFKEFFATPMTGTTMIQSS,3,-0.349734591,0.041843013
DP00067,MFGRDPFDSLFERMFKEFFATPMTGTTMIQSS,2,-0.433512723,0.035564305
DP00067,MFGRDPFDSLFERMFKEFFATPMTGTTMIQSS,1,-0.498692825,0.044233691
DP00067,MFGRDPFDSLFERMFKEFFATPMTGTTMIQSS,-3,-0.587167665,0.057941403
DP00067,MFGRDPFDSLFERMFKEFFATPMTGTTMIQSS,-2,-0.61483616,0.019106427
DP00067,MFGRDPFDSLFERMFKEFFATPMTGTTMIQSS,0,-0.517579562,0.02940624
DP00070,EEGAPQEGILEDMPVDPDNEAYEMPSEEGYQDYEPEA,-3,-0.011930354,0.219946793
DP00070,EEGAPQEGILEDMPVDPDNEAYEMPSEEGYQDYEPEA,-2,0.195703866,0.217940533
DP00070,EEGAPQEGILEDMPVDPDNEAYEMPSEEGYQDYEPEA,-1,0.418153955,0.183852942
DP00070,EEGAPQEGILEDMPVDPDNEAYEMPSEEGYQDYEPEA,3,0.876334751,0.007288925
DP00070,EEGAPQEGILEDMPVDPDNEAYEMPSEEGYQDYEPEA,2,0.80762384,0.051706636
DP00070,EEGAPQEGILEDMPVDPDNEAYEMPSEEGYQDYEPEA,1,0.689559881,0.159573975
DP00070,EEGAPQEGILEDMPVDPDNEAYEMPSEEGYQDYEPEA,0,0.45093513,0.290382224
DP00080,DSQKRREILSRRPSYRKILNDLSSD,3,0.444160521,0.010053983
DP00080,DSQKRREILSRRPSYRKILNDLSSD,-3,-0.22113414,0.049520696
DP00080,DSQKRREILSRRPSYRKILNDLSSD,-1,-0.070934272,0.062836086
DP00080,DSQKRREILSRRPSYRKILNDLSSD,0,0.125108613,0.048610379
DP00080,DSQKRREILSRRPSYRKILNDLSSD,1,0.245433877,0.021337945
DP00080,DSQKRREILSRRPSYRKILNDLSSD,-2,-0.129613064,0.037946945
DP00080,DSQKRREILSRRPSYRKILNDLSSD,2,0.386484126,0.008807093
DP00083,STDSTPMFEYENLEDNSKEWTSLFDNDIPVTTDD,0,0.111625591,0.156146542
DP00083,STDSTPMFEYENLEDNSKEWTSLFDNDIPVTTDD,-1,-0.273967243,0.127596135
DP00083,STDSTPMFEYENLEDNSKEWTSLFDNDIPVTTDD,-3,-0.45106408,0.172062765
DP00083,STDSTPMFEYENLEDNSKEWTSLFDNDIPVTTDD,-2,-0.293351905,0.093685096
DP00083,STDSTPMFEYENLEDNSKEWTSLFDNDIPVTTDD,1,0.2975192,0.162534966
DP00083,STDSTPMFEYENLEDNSKEWTSLFDNDIPVTTDD,2,0.509545365,0.016274028
DP00083,STDSTPMFEYENLEDNSKEWTSLFDNDIPVTTDD,3,0.577341681,0.007566112
DP00100,IDLAAAPMGVEIMAPPGMEEMTSQLQSMFQNLGGQ,-2,-0.491958807,0.012938306
DP00100,IDLAAAPMGVEIMAPPGMEEMTSQLQSMFQNLGGQ,-1,-0.508826441,0.042544087
DP00100,IDLAAAPMGVEIMAPPGMEEMTSQLQSMFQNLGGQ,-3,-0.564172107,0.095851093
DP00100,IDLAAAPMGVEIMAPPGMEEMTSQLQSMFQNLGGQ,0,-0.458243597,0.03023886
DP00100,IDLAAAPMGVEIMAPPGMEEMTSQLQSMFQNLGGQ,3,-0.402214319,0.018055882
DP00100,IDLAAAPMGVEIMAPPGMEEMTSQLQSMFQNLGGQ,2,-0.420618846,0.030939196
DP00100,IDLAAAPMGVEIMAPPGMEEMTSQLQSMFQNLGGQ,1,-0.474441727,0.020329378
DP00103,MSSKEQKTPEGQAPEEIIMDQHEEIEAVEPEA,3,0.402938981,0.013782998
DP00103,MSSKEQKTPEGQAPEEIIMDQHEEIEAVEPEA,1,0.269586697,0.015948887
DP00103,MSSKEQKTPEGQAPEEIIMDQHEEIEAVEPEA,2,0.339689629,0.01026669
DP00103,MSSKEQKTPEGQAPEEIIMDQHEEIEAVEPEA,-1,-0.100959504,0.098648505
DP00103,MSSKEQKTPEGQAPEEIIMDQHEEIEAVEPEA,0,0.082495519,0.089248464
DP00103,MSSKEQKTPEGQAPEEIIMDQHEEIEAVEPEA,-3,-0.507277577,0.164111992
DP00103,MSSKEQKTPEGQAPEEIIMDQHEEIEAVEPEA,-2,-0.314117816,0.177889978
DP00107,SDNVQVAPQEVEVSSYLVGQIDSEVDTDDLSNFQL,-2,-0.526839188,0.099598619
DP00107,SDNVQVAPQEVEVSSYLVGQIDSEVDTDDLSNFQL,0,-0.517408826,0.059534557
DP00107,SDNVQVAPQEVEVSSYLVGQIDSEVDTDDLSNFQL,1,-0.401380573,0.064494584
DP00107,SDNVQVAPQEVEVSSYLVGQIDSEVDTDDLSNFQL,2,-0.289140986,0.049573314
DP00107,SDNVQVAPQEVEVSSYLVGQIDSEVDTDDLSNFQL,-1,-0.540322374,0.084352133
DP00107,SDNVQVAPQEVEVSSYLVGQIDSEVDTDDLSNFQL,3,-0.269332205,0.092750305
DP00107,SDNVQVAPQEVEVSSYLVGQIDSEVDTDDLSNFQL,-3,-0.604848356,0.037329227
DP00133,MAEEQARHVKNGLECIRALKAEPIGSLAIEEAMAAWSEISDNPGQERATC,-3,-0.635679119,0.180056103
DP00133,MAEEQARHVKNGLECIRALKAEPIGSLAIEEAMAAWSEISDNPGQERATC,-2,-0.65005273,0.159004821
DP00133,MAEEQARHVKNGLECIRALKAEPIGSLAIEEAMAAWSEISDNPGQERATC,-1,-0.446616083,0.095846844
DP00133,MAEEQARHVKNGLECIRALKAEPIGSLAIEEAMAAWSEISDNPGQERATC,0,-0.279592624,0.094270304
DP00133,MAEEQARHVKNGLECIRALKAEPIGSLAIEEAMAAWSEISDNPGQERATC,1,-0.226205229,0.078284593
DP00133,MAEEQARHVKNGLECIRALKAEPIGSLAIEEAMAAWSEISDNPGQERATC,3,0.232774391,0.061372975
DP00133,MAEEQARHVKNGLECIRALKAEPIGSLAIEEAMAAWSEISDNPGQERATC,2,0.031303738,0.091517733
DP00179,NTDQQKVSEIFQSSKEKLQGDAKVVSDAFKK,2,0.175985698,0.013538199
DP00179,NTDQQKVSEIFQSSKEKLQGDAKVVSDAFKK,3,0.279947762,0.011444342
DP00179,NTDQQKVSEIFQSSKEKLQGDAKVVSDAFKK,0,-0.277170228,0.1002816
DP00179,NTDQQKVSEIFQSSKEKLQGDAKVVSDAFKK,-1,-0.383978341,0.013616426
DP00179,NTDQQKVSEIFQSSKEKLQGDAKVVSDAFKK,-2,-0.499448374,0.07070458
DP00179,NTDQQKVSEIFQSSKEKLQGDAKVVSDAFKK,-3,-0.530287669,0.050468895
DP00179,NTDQQKVSEIFQSSKEKLQGDAKVVSDAFKK,1,-0.07754114,0.047034087
DP00246,MAQWDDFPDQQEDTDSCTESVKFDARSVTALLPPHPKNGPTLQERMKSYK,0.5,-0.602014116,0.038697226
DP00246,MAQWDDFPDQQEDTDSCTESVKFDARSVTALLPPHPKNGPTLQERMKSYK,1,-0.513586945,0.053160761
DP00246,MAQWDDFPDQQEDTDSCTESVKFDARSVTALLPPHPKNGPTLQERMKSYK,2,-0.376521324,0.063921647
DP00246,MAQWDDFPDQQEDTDSCTESVKFDARSVTALLPPHPKNGPTLQERMKSYK,3,-0.315307535,0.020811593
DP00246,MAQWDDFPDQQEDTDSCTESVKFDARSVTALLPPHPKNGPTLQERMKSYK,-3,-0.626262166,0.104927487
DP00246,MAQWDDFPDQQEDTDSCTESVKFDARSVTALLPPHPKNGPTLQERMKSYK,-2,-0.663250221,0.067586983
DP00246,MAQWDDFPDQQEDTDSCTESVKFDARSVTALLPPHPKNGPTLQERMKSYK,-1,-0.634898724,0.077261096
DP00246,MAQWDDFPDQQEDTDSCTESVKFDARSVTALLPPHPKNGPTLQERMKSYK,-0.5,-0.59323864,0.042980145
DP00246,MAQWDDFPDQQEDTDSCTESVKFDARSVTALLPPHPKNGPTLQERMKSYK,0,-0.571716795,0.070673362
DP00284,TNVLNQGGEVGYDSSSNVIQDSNLDTAINPDDRPLSEIPTDDNPNMSMAEM,1,-0.116392283,0.203396882
DP00284,TNVLNQGGEVGYDSSSNVIQDSNLDTAINPDDRPLSEIPTDDNPNMSMAEM,0.5,-0.231350651,0.198012666
DP00284,TNVLNQGGEVGYDSSSNVIQDSNLDTAINPDDRPLSEIPTDDNPNMSMAEM,0,-0.485705703,0.104979132
DP00284,TNVLNQGGEVGYDSSSNVIQDSNLDTAINPDDRPLSEIPTDDNPNMSMAEM,-1,-0.534168909,0.101747435
DP00284,TNVLNQGGEVGYDSSSNVIQDSNLDTAINPDDRPLSEIPTDDNPNMSMAEM,3,0.308758878,0.119956381
DP00284,TNVLNQGGEVGYDSSSNVIQDSNLDTAINPDDRPLSEIPTDDNPNMSMAEM,-0.5,-0.326822576,0.259716841
DP00284,TNVLNQGGEVGYDSSSNVIQDSNLDTAINPDDRPLSEIPTDDNPNMSMAEM,-3,-0.653193759,0.064604792
DP00284,TNVLNQGGEVGYDSSSNVIQDSNLDTAINPDDRPLSEIPTDDNPNMSMAEM,-2,-0.660261798,0.053462002
DP00284,TNVLNQGGEVGYDSSSNVIQDSNLDTAINPDDRPLSEIPTDDNPNMSMAEM,2,0.207876722,0.093898738
DP00303,HHEAELKPLAQSHATKHKIP,-2,-0.356121778,0.025336381
DP00303,HHEAELKPLAQSHATKHKIP,-1,-0.284584017,0.019728863
DP00303,HHEAELKPLAQSHATKHKIP,0,-0.183291996,0.017182698
DP00303,HHEAELKPLAQSHATKHKIP,1,-0.079700545,0.012362379
DP00303,HHEAELKPLAQSHATKHKIP,2,0.040762828,0.011959015
DP00303,HHEAELKPLAQSHATKHKIP,3,0.120916493,0.014515708
DP00303,HHEAELKPLAQSHATKHKIP,-3,-0.395215033,0.02846052
DP00356,TDFIDEEVLMSLVIEMGLDRIKELPELWLGQNEFDFMTDFVCKQQPSRVS,-3,-0.662106722,0.10352155
DP00356,TDFIDEEVLMSLVIEMGLDRIKELPELWLGQNEFDFMTDFVCKQQPSRVS,3,-0.024987453,0.10848574
DP00356,TDFIDEEVLMSLVIEMGLDRIKELPELWLGQNEFDFMTDFVCKQQPSRVS,2,-0.244170873,0.121672192
DP00356,TDFIDEEVLMSLVIEMGLDRIKELPELWLGQNEFDFMTDFVCKQQPSRVS,1,-0.362495373,0.086390819
DP00356,TDFIDEEVLMSLVIEMGLDRIKELPELWLGQNEFDFMTDFVCKQQPSRVS,0,-0.501442395,0.043891277
DP00356,TDFIDEEVLMSLVIEMGLDRIKELPELWLGQNEFDFMTDFVCKQQPSRVS,-1,-0.532411485,0.110812023
DP00356,TDFIDEEVLMSLVIEMGLDRIKELPELWLGQNEFDFMTDFVCKQQPSRVS,-2,-0.586884384,0.131200463
DP00398,KKVPVLPMVAGGSGLDEFINFDPEVERQQTELRHKRTGGKH,-3,-0.412183365,0.109650481
DP00398,KKVPVLPMVAGGSGLDEFINFDPEVERQQTELRHKRTGGKH,-2,-0.242092345,0.190215136
DP00398,KKVPVLPMVAGGSGLDEFINFDPEVERQQTELRHKRTGGKH,-1,-0.155561349,0.074783943
DP00398,KKVPVLPMVAGGSGLDEFINFDPEVERQQTELRHKRTGGKH,0,0.008169169,0.065473508
DP00398,KKVPVLPMVAGGSGLDEFINFDPEVERQQTELRHKRTGGKH,1,0.029038445,0.052899588
DP00398,KKVPVLPMVAGGSGLDEFINFDPEVERQQTELRHKRTGGKH,2,0.086423625,0.023647717
DP00398,KKVPVLPMVAGGSGLDEFINFDPEVERQQTELRHKRTGGKH,3,0.121210997,0.006547216
DP00399,VEGGAHDVIVKDRINDYHPK,-3,-0.387082722,0.006563215
DP00399,VEGGAHDVIVKDRINDYHPK,-1,-0.226692564,0.02953228
DP00399,VEGGAHDVIVKDRINDYHPK,-0.5,-0.157481185,0.013281903
DP00399,VEGGAHDVIVKDRINDYHPK,0,-0.097287523,0.020956422
DP00399,VEGGAHDVIVKDRINDYHPK,0.5,-0.0535277,0.011630504
DP00399,VEGGAHDVIVKDRINDYHPK,1,-0.005809627,0.007332862
DP00399,VEGGAHDVIVKDRINDYHPK,2,0.061252839,0.004190599
DP00399,VEGGAHDVIVKDRINDYHPK,3,0.119430483,0.005208454
DP00399,VEGGAHDVIVKDRINDYHPK,-2,-0.305309181,0.022047047
DP00438,NFGPKGFGYGQGAGALVHAQ,2,-0.35509951,0.009732421
DP00438,NFGPKGFGYGQGAGALVHAQ,-3,-0.474840193,0.01746158
DP00438,NFGPKGFGYGQGAGALVHAQ,-2,-0.455352327,0.01742557
DP00438,NFGPKGFGYGQGAGALVHAQ,-1,-0.424909527,0.009909035
DP00438,NFGPKGFGYGQGAGALVHAQ,0,-0.407705278,0.018933441
DP00438,NFGPKGFGYGQGAGALVHAQ,1,-0.384677045,0.015876592
DP00438,NFGPKGFGYGQGAGALVHAQ,3,-0.333310925,0.01971734
DP00449,EENRTEAPEETEPERETPSAINGNPSWHLADSPAVNGATGHSSSLDAREV,-2,0.250959273,0.010954176
DP00449,EENRTEAPEETEPERETPSAINGNPSWHLADSPAVNGATGHSSSLDAREV,-3,0.10960398,0.096408444
DP00449,EENRTEAPEETEPERETPSAINGNPSWHLADSPAVNGATGHSSSLDAREV,3,0.70041693,0.006232174
DP00449,EENRTEAPEETEPERETPSAINGNPSWHLADSPAVNGATGHSSSLDAREV,2,0.613566887,0.006950186
DP00449,EENRTEAPEETEPERETPSAINGNPSWHLADSPAVNGATGHSSSLDAREV,1,0.549163971,0.013280037
DP00449,EENRTEAPEETEPERETPSAINGNPSWHLADSPAVNGATGHSSSLDAREV,0,0.37620973,0.069194815
DP00449,EENRTEAPEETEPERETPSAINGNPSWHLADSPAVNGATGHSSSLDAREV,-1,0.312336064,0.032704701
DP00549,RPQGSARPQPDPNAEFDPDLPGGGLHRCLACARYFIDSTNLK,2,0.068561502,0.012734473
DP00549,RPQGSARPQPDPNAEFDPDLPGGGLHRCLACARYFIDSTNLK,1,-0.014950853,0.032120809
DP00549,RPQGSARPQPDPNAEFDPDLPGGGLHRCLACARYFIDSTNLK,0,-0.09732542,0.038355036
DP00549,RPQGSARPQPDPNAEFDPDLPGGGLHRCLACARYFIDSTNLK,-1,-0.287316588,0.174933062
DP00549,RPQGSARPQPDPNAEFDPDLPGGGLHRCLACARYFIDSTNLK,-2,-0.384743601,0.05048151
DP00549,RPQGSARPQPDPNAEFDPDLPGGGLHRCLACARYFIDSTNLK,3,0.153510588,0.023975007
DP00549,RPQGSARPQPDPNAEFDPDLPGGGLHRCLACARYFIDSTNLK,-3,-0.446689368,0.145472086
DP00557,DDKYRELRSQLSNKSLAPEVHQQISKQLADRER,-1,-0.18601276,0.118514605
DP00557,DDKYRELRSQLSNKSLAPEVHQQISKQLADRER,-3,-0.211637999,0.082917754
DP00557,DDKYRELRSQLSNKSLAPEVHQQISKQLADRER,-2,-0.210962138,0.099756283
DP00557,DDKYRELRSQLSNKSLAPEVHQQISKQLADRER,0,-0.159498032,0.093008654
DP00557,DDKYRELRSQLSNKSLAPEVHQQISKQLADRER,1,0.02467724,0.09557237
DP00557,DDKYRELRSQLSNKSLAPEVHQQISKQLADRER,2,0.212917052,0.095401221
DP00557,DDKYRELRSQLSNKSLAPEVHQQISKQLADRER,3,0.397892005,0.036174385
DP00575,MKLAPYILELLTSVNRTNGT,1,-0.226450139,0.027019166
DP00575,MKLAPYILELLTSVNRTNGT,-3,-0.367240724,0.085516696
DP00575,MKLAPYILELLTSVNRTNGT,-2,-0.331592183,0.072251628
DP00575,MKLAPYILELLTSVNRTNGT,-1,-0.275648726,0.05259207
DP00575,MKLAPYILELLTSVNRTNGT,0,-0.239848646,0.04760502
DP00575,MKLAPYILELLTSVNRTNGT,2,-0.210280284,0.035938826
DP00575,MKLAPYILELLTSVNRTNGT,3,-0.164995428,0.012963125
DP00611,RTSIPNAASEEGDEDDWASN,1,-0.13614008,0.044023843
DP00611,RTSIPNAASEEGDEDDWASN,-2,-0.580546025,0.094359955
DP00611,RTSIPNAASEEGDEDDWASN,-1,-0.534670501,0.123792767
DP00611,RTSIPNAASEEGDEDDWASN,2,-0.087958782,0.310683631
DP00611,RTSIPNAASEEGDEDDWASN,3,0.193692755,0.033832509
DP00611,RTSIPNAASEEGDEDDWASN,-3,-0.561772908,0.098171156
DP00611,RTSIPNAASEEGDEDDWASN,0,-0.26378842,0.106920563
DP00622,MSATAATVPPAAPAGEGGPPAPPPNLTSNRRLQQT,3,-0.014623294,0.016817269
DP00622,MSATAATVPPAAPAGEGGPPAPPPNLTSNRRLQQT,2,-0.181820404,0.056793239
DP00622,MSATAATVPPAAPAGEGGPPAPPPNLTSNRRLQQT,1,-0.288139104,0.128903135
DP00622,MSATAATVPPAAPAGEGGPPAPPPNLTSNRRLQQT,-1,-0.434323814,0.060868475
DP00622,MSATAATVPPAAPAGEGGPPAPPPNLTSNRRLQQT,-2,-0.482395146,0.057045467
DP00622,MSATAATVPPAAPAGEGGPPAPPPNLTSNRRLQQT,-3,-0.547820032,0.048423143
DP00622,MSATAATVPPAAPAGEGGPPAPPPNLTSNRRLQQT,0,-0.398480033,0.128012248
DP00628,GIHKQKEKSRLQGGVLVNEILNHMKRATQIPSYKKLIMY,0,-0.567573576,0.081460184
DP00628,GIHKQKEKSRLQGGVLVNEILNHMKRATQIPSYKKLIMY,-3,-0.630999632,0.129448244
DP00628,GIHKQKEKSRLQGGVLVNEILNHMKRATQIPSYKKLIMY,-2,-0.660415452,0.094300602
DP00628,GIHKQKEKSRLQGGVLVNEILNHMKRATQIPSYKKLIMY,-1,-0.614580985,0.054939261
DP00628,GIHKQKEKSRLQGGVLVNEILNHMKRATQIPSYKKLIMY,3,-0.02321867,0.03050357
DP00628,GIHKQKEKSRLQGGVLVNEILNHMKRATQIPSYKKLIMY,2,-0.217238295,0.029330567
DP00628,GIHKQKEKSRLQGGVLVNEILNHMKRATQIPSYKKLIMY,1,-0.374631078,0.036528059
DP00718,DMNSLMMGEDKIKFKHITPL,3,-0.10441341,0.013100692
DP00718,DMNSLMMGEDKIKFKHITPL,2,-0.193765911,0.01025375
DP00718,DMNSLMMGEDKIKFKHITPL,1,-0.24171939,0.008183134
DP00718,DMNSLMMGEDKIKFKHITPL,0,-0.291409297,0.015607839
DP00718,DMNSLMMGEDKIKFKHITPL,-1,-0.314725333,0.037875504
DP00718,DMNSLMMGEDKIKFKHITPL,-2,-0.383223131,0.026913799
DP00718,DMNSLMMGEDKIKFKHITPL,-3,-0.375201179,0.036061972
DP00719,MEAENAGSYSLQQAQAFYTFPFQQLMAEAPNMAVVNEQQMPEEVPAPAPA,3,-0.1440101,0.070128783
DP00719,MEAENAGSYSLQQAQAFYTFPFQQLMAEAPNMAVVNEQQMPEEVPAPAPA,2,-0.262171708,0.072630765
DP00719,MEAENAGSYSLQQAQAFYTFPFQQLMAEAPNMAVVNEQQMPEEVPAPAPA,1,-0.29938461,0.023676825
DP00719,MEAENAGSYSLQQAQAFYTFPFQQLMAEAPNMAVVNEQQMPEEVPAPAPA,0,-0.336071383,0.068249394
DP00719,MEAENAGSYSLQQAQAFYTFPFQQLMAEAPNMAVVNEQQMPEEVPAPAPA,-3,-0.513430413,0.103036428
DP00719,MEAENAGSYSLQQAQAFYTFPFQQLMAEAPNMAVVNEQQMPEEVPAPAPA,-2,-0.450043137,0.086357637
DP00719,MEAENAGSYSLQQAQAFYTFPFQQLMAEAPNMAVVNEQQMPEEVPAPAPA,-1,-0.324049998,0.058738543
DP00720,KKKKEKKSEKKEKKEKKHKEKERTKKPSKKKKDSGK,-2,1.024844031,0.080835089
DP00720,KKKKEKKSEKKEKKEKKHKEKERTKKPSKKKKDSGK,-1,1.189002267,0.020862156
DP00720,KKKKEKKSEKKEKKEKKHKEKERTKKPSKKKKDSGK,0,1.240221835,0.00952341
DP00720,KKKKEKKSEKKEKKEKKHKEKERTKKPSKKKKDSGK,1,1.274204068,0.006379157
DP00720,KKKKEKKSEKKEKKEKKHKEKERTKKPSKKKKDSGK,2,1.296531743,0.008499442
DP00720,KKKKEKKSEKKEKKEKKHKEKERTKKPSKKKKDSGK,3,1.319692384,0.006189618
DP00720,KKKKEKKSEKKEKKEKKHKEKERTKKPSKKKKDSGK,-3,0.741322766,0.113601822
